task,task_type,router,budget,primary_value_mean,primary_value_std,primary_value_mean_std,call_rate_mean,call_rate_std,call_rate_mean_std,n_seeds
QM9_MU,regression,R7_oof_selected_top,0.0,0.6301350204530834,0.008031889405408273,0.630135 +/- 0.008032,0.0,0.0,0.000000 +/- 0.000000,5
QM9_MU,regression,R7_oof_selected_top,5.0,0.6240984294265866,0.00652988303299783,0.624098 +/- 0.006530,5.0,0.0,5.000000 +/- 0.000000,5
QM9_MU,regression,R7_oof_selected_top,10.0,0.6227130094210505,0.00813958485755584,0.622713 +/- 0.008140,10.0,0.0,10.000000 +/- 0.000000,5
QM9_MU,regression,R7_oof_selected_top,20.0,0.6214244921282559,0.009768353532907798,0.621424 +/- 0.009768,20.0,0.0,20.000000 +/- 0.000000,5
QM9_MU,regression,R7_oof_selected_top,40.0,0.6191597781400591,0.010687611548793241,0.619160 +/- 0.010688,40.0,0.0,40.000000 +/- 0.000000,5
QM9_MU,regression,R7_oof_selected_top,60.0,0.6156022408606201,0.006592726057447972,0.615602 +/- 0.006593,60.0,0.0,60.000000 +/- 0.000000,5
QM9_MU,regression,R7_oof_selected_top,80.0,0.6155248537475257,0.008099444886936757,0.615525 +/- 0.008099,80.0,0.0,80.000000 +/- 0.000000,5
QM9_MU,regression,R7_oof_selected_top,100.0,0.6158034852437169,0.003248054558728587,0.615803 +/- 0.003248,100.0,0.0,100.000000 +/- 0.000000,5
QM9_MU,regression,R8_oof_selected_gated,0.0,0.6301350204530834,0.008031889405408273,0.630135 +/- 0.008032,0.0,0.0,0.000000 +/- 0.000000,5
QM9_MU,regression,R8_oof_selected_gated,5.0,0.6240984294265866,0.00652988303299783,0.624098 +/- 0.006530,5.0,0.0,5.000000 +/- 0.000000,5
QM9_MU,regression,R8_oof_selected_gated,10.0,0.6227130094210505,0.00813958485755584,0.622713 +/- 0.008140,10.0,0.0,10.000000 +/- 0.000000,5
QM9_MU,regression,R8_oof_selected_gated,20.0,0.6214244921282559,0.009768353532907798,0.621424 +/- 0.009768,20.0,0.0,20.000000 +/- 0.000000,5
QM9_MU,regression,R8_oof_selected_gated,40.0,0.6191597781400591,0.010687611548793241,0.619160 +/- 0.010688,40.0,0.0,40.000000 +/- 0.000000,5
QM9_MU,regression,R8_oof_selected_gated,60.0,0.6148934805375486,0.006222889864718431,0.614893 +/- 0.006223,57.1,5.8,57.100000 +/- 5.800000,5
QM9_MU,regression,R8_oof_selected_gated,80.0,0.6180357539888769,0.005854506271505383,0.618036 +/- 0.005855,73.1,13.8,73.100000 +/- 13.800000,5
QM9_MU,regression,R8_oof_selected_gated,100.0,0.6155282271041781,0.003088020167182426,0.615528 +/- 0.003088,89.1,21.799999999999997,89.100000 +/- 21.800000,5
QM9_MU,regression,R9_oof_safe_guardrail,0.0,0.6301350204530834,0.008031889405408273,0.630135 +/- 0.008032,0.0,0.0,0.000000 +/- 0.000000,5
QM9_MU,regression,R9_oof_safe_guardrail,5.0,0.6254905613777757,0.007030916237168242,0.625491 +/- 0.007031,4.0,2.0,4.000000 +/- 2.000000,5
QM9_MU,regression,R9_oof_safe_guardrail,10.0,0.6250942980275511,0.008386910933072615,0.625094 +/- 0.008387,8.0,4.0,8.000000 +/- 4.000000,5
QM9_MU,regression,R9_oof_safe_guardrail,20.0,0.6217779438875795,0.010061746165482896,0.621778 +/- 0.010062,16.0,8.0,16.000000 +/- 8.000000,5
QM9_MU,regression,R9_oof_safe_guardrail,40.0,0.6199451445361853,0.011343482047692468,0.619945 +/- 0.011343,32.0,16.0,32.000000 +/- 16.000000,5
QM9_MU,regression,R9_oof_safe_guardrail,60.0,0.6190360574806213,0.008175779628555828,0.619036 +/- 0.008176,45.1,23.238760724272712,45.100000 +/- 23.238761,5
QM9_MU,regression,R9_oof_safe_guardrail,80.0,0.6198407423127174,0.007778145274780044,0.619841 +/- 0.007778,57.1,31.522055770523597,57.100000 +/- 31.522056,5
QM9_MU,regression,R9_oof_safe_guardrail,100.0,0.6176023998742103,0.006835434978019565,0.617602 +/- 0.006835,69.1,40.48752894410821,69.100000 +/- 40.487529,5
QM9_MU,regression,flexibility,0.0,0.6301350204530834,0.008031889405408273,0.630135 +/- 0.008032,0.0,0.0,0.000000 +/- 0.000000,5
QM9_MU,regression,flexibility,5.0,0.6311576393018841,0.0088376635907721,0.631158 +/- 0.008838,5.0,0.0,5.000000 +/- 0.000000,5
QM9_MU,regression,flexibility,10.0,0.6256143082218676,0.008200571774584076,0.625614 +/- 0.008201,10.0,0.0,10.000000 +/- 0.000000,5
QM9_MU,regression,flexibility,20.0,0.6192281288153678,0.007763142757272779,0.619228 +/- 0.007763,20.0,0.0,20.000000 +/- 0.000000,5
QM9_MU,regression,flexibility,40.0,0.6083390132309944,0.007036277361795068,0.608339 +/- 0.007036,40.0,0.0,40.000000 +/- 0.000000,5
QM9_MU,regression,flexibility,60.0,0.6130925103530913,0.006192336327191796,0.613093 +/- 0.006192,60.0,0.0,60.000000 +/- 0.000000,5
QM9_MU,regression,flexibility,80.0,0.6134579948011427,0.004369068354260475,0.613458 +/- 0.004369,80.0,0.0,80.000000 +/- 0.000000,5
QM9_MU,regression,flexibility,100.0,0.6158034852437169,0.003248054558728587,0.615803 +/- 0.003248,100.0,0.0,100.000000 +/- 0.000000,5
QM9_MU,regression,old_voi,0.0,0.6301350204530834,0.008031889405408273,0.630135 +/- 0.008032,0.0,0.0,0.000000 +/- 0.000000,5
QM9_MU,regression,old_voi,5.0,0.6245839348198056,0.010215143509262468,0.624584 +/- 0.010215,5.0,0.0,5.000000 +/- 0.000000,5
QM9_MU,regression,old_voi,10.0,0.619445152887547,0.006244175111534338,0.619445 +/- 0.006244,10.0,0.0,10.000000 +/- 0.000000,5
QM9_MU,regression,old_voi,20.0,0.6155066848205686,0.010326583555795488,0.615507 +/- 0.010327,20.0,0.0,20.000000 +/- 0.000000,5
QM9_MU,regression,old_voi,40.0,0.6055762254242062,0.007872218515787158,0.605576 +/- 0.007872,40.0,0.0,40.000000 +/- 0.000000,5
QM9_MU,regression,old_voi,60.0,0.6014650928943037,0.0059935526251118035,0.601465 +/- 0.005994,60.0,0.0,60.000000 +/- 0.000000,5
QM9_MU,regression,old_voi,80.0,0.6094945840883998,0.005155235126633056,0.609495 +/- 0.005155,80.0,0.0,80.000000 +/- 0.000000,5
QM9_MU,regression,old_voi,100.0,0.6158034852437169,0.003248054558728587,0.615803 +/- 0.003248,100.0,0.0,100.000000 +/- 0.000000,5
QM9_MU,regression,oracle,0.0,0.6301350204530834,0.008031889405408273,0.630135 +/- 0.008032,0.0,0.0,0.000000 +/- 0.000000,5
QM9_MU,regression,oracle,5.0,0.5896251170222401,0.00772479303914991,0.589625 +/- 0.007725,5.0,0.0,5.000000 +/- 0.000000,5
QM9_MU,regression,oracle,10.0,0.5652451900188565,0.007668819092587129,0.565245 +/- 0.007669,10.0,0.0,10.000000 +/- 0.000000,5
QM9_MU,regression,oracle,20.0,0.5332085735578656,0.006902526769230123,0.533209 +/- 0.006903,20.0,0.0,20.000000 +/- 0.000000,5
QM9_MU,regression,oracle,40.0,0.5044267546123623,0.006471434789337036,0.504427 +/- 0.006471,40.0,0.0,40.000000 +/- 0.000000,5
QM9_MU,regression,oracle,60.0,0.5022732574541211,0.0060301518534900565,0.502273 +/- 0.006030,60.0,0.0,60.000000 +/- 0.000000,5
QM9_MU,regression,oracle,80.0,0.5279548362562656,0.004246281745899441,0.527955 +/- 0.004246,80.0,0.0,80.000000 +/- 0.000000,5
QM9_MU,regression,oracle,100.0,0.6158034852437169,0.003248054558728587,0.615803 +/- 0.003248,100.0,0.0,100.000000 +/- 0.000000,5
QM9_MU,regression,random,0.0,0.6301350204530834,0.008031889405408273,0.630135 +/- 0.008032,0.0,0.0,0.000000 +/- 0.000000,5
QM9_MU,regression,random,5.0,0.6291599729961038,0.006861368343408713,0.629160 +/- 0.006861,5.0,0.0,5.000000 +/- 0.000000,5
QM9_MU,regression,random,10.0,0.6325612914889216,0.009497291437630982,0.632561 +/- 0.009497,10.0,0.0,10.000000 +/- 0.000000,5
QM9_MU,regression,random,20.0,0.6332287616445897,0.002940931679821592,0.633229 +/- 0.002941,20.0,0.0,20.000000 +/- 0.000000,5
QM9_MU,regression,random,40.0,0.6334726144562721,0.008747975890148406,0.633473 +/- 0.008748,40.0,0.0,40.000000 +/- 0.000000,5
QM9_MU,regression,random,60.0,0.6257218531295299,0.012710534516727672,0.625722 +/- 0.012711,60.0,0.0,60.000000 +/- 0.000000,5
QM9_MU,regression,random,80.0,0.617229675176525,0.012472016014309653,0.617230 +/- 0.012472,80.0,0.0,80.000000 +/- 0.000000,5
QM9_MU,regression,random,100.0,0.6158034852437169,0.003248054558728587,0.615803 +/- 0.003248,100.0,0.0,100.000000 +/- 0.000000,5
QM9_MU,regression,uncertainty,0.0,0.6301350204530834,0.008031889405408273,0.630135 +/- 0.008032,0.0,0.0,0.000000 +/- 0.000000,5
QM9_MU,regression,uncertainty,5.0,0.6301908334417492,0.00837051292275334,0.630191 +/- 0.008371,5.0,0.0,5.000000 +/- 0.000000,5
QM9_MU,regression,uncertainty,10.0,0.6213385549544482,0.011513144793515376,0.621339 +/- 0.011513,10.0,0.0,10.000000 +/- 0.000000,5
QM9_MU,regression,uncertainty,20.0,0.6081398483555943,0.008934339099955588,0.608140 +/- 0.008934,20.0,0.0,20.000000 +/- 0.000000,5
QM9_MU,regression,uncertainty,40.0,0.6051470899884375,0.007818780854874103,0.605147 +/- 0.007819,40.0,0.0,40.000000 +/- 0.000000,5
QM9_MU,regression,uncertainty,60.0,0.6076280881919056,0.008629321745122499,0.607628 +/- 0.008629,60.0,0.0,60.000000 +/- 0.000000,5
QM9_MU,regression,uncertainty,80.0,0.6055500868033558,0.009189857867661874,0.605550 +/- 0.009190,80.0,0.0,80.000000 +/- 0.000000,5
QM9_MU,regression,uncertainty,100.0,0.6158034852437169,0.003248054558728587,0.615803 +/- 0.003248,100.0,0.0,100.000000 +/- 0.000000,5
QM9_R2,regression,R7_oof_selected_top,0.0,56.06024178378907,0.3858089910091174,56.060242 +/- 0.385809,0.0,0.0,0.000000 +/- 0.000000,5
QM9_R2,regression,R7_oof_selected_top,5.0,55.365249245703126,1.0251210259371402,55.365249 +/- 1.025121,5.0,0.0,5.000000 +/- 0.000000,5
QM9_R2,regression,R7_oof_selected_top,10.0,54.7450793006836,1.2340071095894185,54.745079 +/- 1.234007,10.0,0.0,10.000000 +/- 0.000000,5
QM9_R2,regression,R7_oof_selected_top,20.0,53.746661336523445,1.3720448179190756,53.746661 +/- 1.372045,20.0,0.0,20.000000 +/- 0.000000,5
QM9_R2,regression,R7_oof_selected_top,40.0,52.72556826455078,1.7346110212331014,52.725568 +/- 1.734611,40.0,0.0,40.000000 +/- 0.000000,5
QM9_R2,regression,R7_oof_selected_top,60.0,51.28984267021485,0.9195522596223648,51.289843 +/- 0.919552,60.0,0.0,60.000000 +/- 0.000000,5
QM9_R2,regression,R7_oof_selected_top,80.0,49.69592598339844,1.6451443556284244,49.695926 +/- 1.645144,80.0,0.0,80.000000 +/- 0.000000,5
QM9_R2,regression,R7_oof_selected_top,100.0,48.47553217705078,0.6330663733507635,48.475532 +/- 0.633066,100.0,0.0,100.000000 +/- 0.000000,5
QM9_R2,regression,R8_oof_selected_gated,0.0,56.06024178378907,0.3858089910091174,56.060242 +/- 0.385809,0.0,0.0,0.000000 +/- 0.000000,5
QM9_R2,regression,R8_oof_selected_gated,5.0,55.365249245703126,1.0251210259371402,55.365249 +/- 1.025121,5.0,0.0,5.000000 +/- 0.000000,5
QM9_R2,regression,R8_oof_selected_gated,10.0,54.7450793006836,1.2340071095894185,54.745079 +/- 1.234007,10.0,0.0,10.000000 +/- 0.000000,5
QM9_R2,regression,R8_oof_selected_gated,20.0,53.746661336523445,1.3720448179190756,53.746661 +/- 1.372045,20.0,0.0,20.000000 +/- 0.000000,5
QM9_R2,regression,R8_oof_selected_gated,40.0,52.72556826455078,1.7346110212331014,52.725568 +/- 1.734611,40.0,0.0,40.000000 +/- 0.000000,5
QM9_R2,regression,R8_oof_selected_gated,60.0,51.28984267021485,0.9195522596223648,51.289843 +/- 0.919552,60.0,0.0,60.000000 +/- 0.000000,5
QM9_R2,regression,R8_oof_selected_gated,80.0,49.69592598339844,1.6451443556284244,49.695926 +/- 1.645144,80.0,0.0,80.000000 +/- 0.000000,5
QM9_R2,regression,R8_oof_selected_gated,100.0,48.47553217705078,0.6330663733507635,48.475532 +/- 0.633066,100.0,0.0,100.000000 +/- 0.000000,5
QM9_R2,regression,R9_oof_safe_guardrail,0.0,56.06024178378907,0.3858089910091174,56.060242 +/- 0.385809,0.0,0.0,0.000000 +/- 0.000000,5
QM9_R2,regression,R9_oof_safe_guardrail,5.0,55.365249245703126,1.0251210259371402,55.365249 +/- 1.025121,5.0,0.0,5.000000 +/- 0.000000,5
QM9_R2,regression,R9_oof_safe_guardrail,10.0,54.7450793006836,1.2340071095894185,54.745079 +/- 1.234007,10.0,0.0,10.000000 +/- 0.000000,5
QM9_R2,regression,R9_oof_safe_guardrail,20.0,53.746661336523445,1.3720448179190756,53.746661 +/- 1.372045,20.0,0.0,20.000000 +/- 0.000000,5
QM9_R2,regression,R9_oof_safe_guardrail,40.0,52.72556826455078,1.7346110212331014,52.725568 +/- 1.734611,40.0,0.0,40.000000 +/- 0.000000,5
QM9_R2,regression,R9_oof_safe_guardrail,60.0,51.28984267021485,0.9195522596223648,51.289843 +/- 0.919552,60.0,0.0,60.000000 +/- 0.000000,5
QM9_R2,regression,R9_oof_safe_guardrail,80.0,49.69592598339844,1.6451443556284244,49.695926 +/- 1.645144,80.0,0.0,80.000000 +/- 0.000000,5
QM9_R2,regression,R9_oof_safe_guardrail,100.0,48.47553217705078,0.6330663733507635,48.475532 +/- 0.633066,100.0,0.0,100.000000 +/- 0.000000,5
QM9_R2,regression,flexibility,0.0,56.06024178378907,0.3858089910091174,56.060242 +/- 0.385809,0.0,0.0,0.000000 +/- 0.000000,5
QM9_R2,regression,flexibility,5.0,56.70985330234375,0.6256717183495526,56.709853 +/- 0.625672,5.0,0.0,5.000000 +/- 0.000000,5
QM9_R2,regression,flexibility,10.0,56.0063332109375,0.6189630120631625,56.006333 +/- 0.618963,10.0,0.0,10.000000 +/- 0.000000,5
QM9_R2,regression,flexibility,20.0,54.73648824003906,0.47431790456683903,54.736488 +/- 0.474318,20.0,0.0,20.000000 +/- 0.000000,5
QM9_R2,regression,flexibility,40.0,54.83661935605469,0.6185079303196155,54.836619 +/- 0.618508,40.0,0.0,40.000000 +/- 0.000000,5
QM9_R2,regression,flexibility,60.0,52.62994211914063,0.7569419907649333,52.629942 +/- 0.756942,60.0,0.0,60.000000 +/- 0.000000,5
QM9_R2,regression,flexibility,80.0,50.77253650175781,0.6595494495810865,50.772537 +/- 0.659549,80.0,0.0,80.000000 +/- 0.000000,5
QM9_R2,regression,flexibility,100.0,48.47553217705078,0.6330663733507635,48.475532 +/- 0.633066,100.0,0.0,100.000000 +/- 0.000000,5
QM9_R2,regression,old_voi,0.0,56.06024178378907,0.3858089910091174,56.060242 +/- 0.385809,0.0,0.0,0.000000 +/- 0.000000,5
QM9_R2,regression,old_voi,5.0,56.44321828837891,1.005461542579781,56.443218 +/- 1.005462,5.0,0.0,5.000000 +/- 0.000000,5
QM9_R2,regression,old_voi,10.0,55.754850132910164,1.2729849207365476,55.754850 +/- 1.272985,10.0,0.0,10.000000 +/- 0.000000,5
QM9_R2,regression,old_voi,20.0,54.442976222265635,1.7438239401774729,54.442976 +/- 1.743824,20.0,0.0,20.000000 +/- 0.000000,5
QM9_R2,regression,old_voi,40.0,52.169447099023444,1.363101461862005,52.169447 +/- 1.363101,40.0,0.0,40.000000 +/- 0.000000,5
QM9_R2,regression,old_voi,60.0,50.01053668447266,1.252319048840454,50.010537 +/- 1.252319,60.0,0.0,60.000000 +/- 0.000000,5
QM9_R2,regression,old_voi,80.0,49.22515505585939,1.1522884618067193,49.225155 +/- 1.152288,80.0,0.0,80.000000 +/- 0.000000,5
QM9_R2,regression,old_voi,100.0,48.47553217705078,0.6330663733507635,48.475532 +/- 0.633066,100.0,0.0,100.000000 +/- 0.000000,5
QM9_R2,regression,oracle,0.0,56.06024178378907,0.3858089910091174,56.060242 +/- 0.385809,0.0,0.0,0.000000 +/- 0.000000,5
QM9_R2,regression,oracle,5.0,50.32556959023438,0.35633732589455114,50.325570 +/- 0.356337,5.0,0.0,5.000000 +/- 0.000000,5
QM9_R2,regression,oracle,10.0,46.18798701650391,0.38155947639079246,46.187987 +/- 0.381559,10.0,0.0,10.000000 +/- 0.000000,5
QM9_R2,regression,oracle,20.0,40.63048198769532,0.3895651399997127,40.630482 +/- 0.389565,20.0,0.0,20.000000 +/- 0.000000,5
QM9_R2,regression,oracle,40.0,35.37089591591797,0.46735593960985516,35.370896 +/- 0.467356,40.0,0.0,40.000000 +/- 0.000000,5
QM9_R2,regression,oracle,60.0,34.48193515488282,0.3901211341235551,34.481935 +/- 0.390121,60.0,0.0,60.000000 +/- 0.000000,5
QM9_R2,regression,oracle,80.0,37.21869996425782,0.362241611436792,37.218700 +/- 0.362242,80.0,0.0,80.000000 +/- 0.000000,5
QM9_R2,regression,oracle,100.0,48.47553217705078,0.6330663733507635,48.475532 +/- 0.633066,100.0,0.0,100.000000 +/- 0.000000,5
QM9_R2,regression,random,0.0,56.06024178378907,0.3858089910091174,56.060242 +/- 0.385809,0.0,0.0,0.000000 +/- 0.000000,5
QM9_R2,regression,random,5.0,56.48603978007812,0.47971020734948905,56.486040 +/- 0.479710,5.0,0.0,5.000000 +/- 0.000000,5
QM9_R2,regression,random,10.0,56.38166612705078,0.5852687798288286,56.381666 +/- 0.585269,10.0,0.0,10.000000 +/- 0.000000,5
QM9_R2,regression,random,20.0,55.78941626640626,1.0715585305466209,55.789416 +/- 1.071559,20.0,0.0,20.000000 +/- 0.000000,5
QM9_R2,regression,random,40.0,53.20890653281251,0.6913952759857834,53.208907 +/- 0.691395,40.0,0.0,40.000000 +/- 0.000000,5
QM9_R2,regression,random,60.0,50.677135179980475,1.9180645218367014,50.677135 +/- 1.918065,60.0,0.0,60.000000 +/- 0.000000,5
QM9_R2,regression,random,80.0,49.24914177763672,1.6309946406636724,49.249142 +/- 1.630995,80.0,0.0,80.000000 +/- 0.000000,5
QM9_R2,regression,random,100.0,48.47553217705078,0.6330663733507635,48.475532 +/- 0.633066,100.0,0.0,100.000000 +/- 0.000000,5
QM9_R2,regression,uncertainty,0.0,56.06024178378907,0.3858089910091174,56.060242 +/- 0.385809,0.0,0.0,0.000000 +/- 0.000000,5
QM9_R2,regression,uncertainty,5.0,56.76840620693359,0.29191727742958373,56.768406 +/- 0.291917,5.0,0.0,5.000000 +/- 0.000000,5
QM9_R2,regression,uncertainty,10.0,56.651940334179685,0.7099778501085785,56.651940 +/- 0.709978,10.0,0.0,10.000000 +/- 0.000000,5
QM9_R2,regression,uncertainty,20.0,55.14332899960938,0.5844249149510986,55.143329 +/- 0.584425,20.0,0.0,20.000000 +/- 0.000000,5
QM9_R2,regression,uncertainty,40.0,52.29401222861328,0.948258700014437,52.294012 +/- 0.948259,40.0,0.0,40.000000 +/- 0.000000,5
QM9_R2,regression,uncertainty,60.0,51.378994720312505,0.7803471164408772,51.378995 +/- 0.780347,60.0,0.0,60.000000 +/- 0.000000,5
QM9_R2,regression,uncertainty,80.0,48.734420572949226,1.0067227601916147,48.734421 +/- 1.006723,80.0,0.0,80.000000 +/- 0.000000,5
QM9_R2,regression,uncertainty,100.0,48.47553217705078,0.6330663733507635,48.475532 +/- 0.633066,100.0,0.0,100.000000 +/- 0.000000,5
