task,task_type,method_group,method,primary_metric,primary_mean,primary_std,n_seeds,source,split,n_train,n_val,n_test,AUROC_mean_std,AUPRC_mean_std,Accuracy_mean_std,LogLoss_mean_std,MAE_mean_std,RMSE_mean_std,R2_mean_std
BACE,classification,classic-ensemble,ExtraTrees_ECFPDesc,AUROC,0.8478373702422145,0.001054206527823848,5,ours_rerun_same_split,scaffold_balanced,1039,236,238,0.847837 +/- 0.001054,0.868150 +/- 0.001564,0.768908 +/- 0.002657,0.489748 +/- 0.000756,nan +/- nan,nan +/- nan,nan +/- nan
BACE,classification,classic-ensemble,RF_ECFPDesc,AUROC,0.8395040369088813,0.002550966209912797,5,ours_rerun_same_split,scaffold_balanced,1039,236,238,0.839504 +/- 0.002551,0.857661 +/- 0.003929,0.790756 +/- 0.003144,0.479822 +/- 0.004019,nan +/- nan,nan +/- nan,nan +/- nan
BACE,classification,classic-kernel,SVM_RBF_Desc,AUROC,0.7613538062283737,0.0,5,ours_rerun_same_split,scaffold_balanced,1039,236,238,0.761354 +/- 0.000000,0.728413 +/- 0.000000,0.743697 +/- 0.000000,nan +/- nan,nan +/- nan,nan +/- nan,nan +/- nan
BACE,classification,classic-linear,LR_ECFPDesc,AUROC,0.8491565743944637,0.0,5,ours_rerun_same_split,scaffold_balanced,1039,236,238,0.849157 +/- 0.000000,0.857488 +/- 0.000000,0.785714 +/- 0.000000,0.575078 +/- 0.000000,nan +/- nan,nan +/- nan,nan +/- nan
BACE,classification,descriptor-boosting,XGB_ECFPDesc,AUROC,0.8448457324106113,0.002369656320271619,5,ours_rerun_same_split,scaffold_balanced,1039,236,238,0.844846 +/- 0.002370,0.863266 +/- 0.003837,0.778151 +/- 0.003144,0.514373 +/- 0.006135,nan +/- nan,nan +/- nan,nan +/- nan
BBBP,classification,classic-ensemble,ExtraTrees_ECFPDesc,AUROC,0.9419756145915941,0.0027351695336326216,5,ours_rerun_same_split,scaffold_balanced,1335,335,305,0.941976 +/- 0.002735,0.967466 +/- 0.001467,0.865574 +/- 0.004147,0.298210 +/- 0.003251,nan +/- nan,nan +/- nan,nan +/- nan
BBBP,classification,classic-ensemble,RF_ECFPDesc,AUROC,0.9386796193497224,0.0026943132223524067,5,ours_rerun_same_split,scaffold_balanced,1335,335,305,0.938680 +/- 0.002694,0.964924 +/- 0.001606,0.862295 +/- 0.002933,0.299930 +/- 0.003100,nan +/- nan,nan +/- nan,nan +/- nan
BBBP,classification,classic-kernel,SVM_RBF_Desc,AUROC,0.9126189532117369,1.1102230246251565e-16,5,ours_rerun_same_split,scaffold_balanced,1335,335,305,0.912619 +/- 0.000000,0.959198 +/- 0.000000,0.829508 +/- 0.000000,nan +/- nan,nan +/- nan,nan +/- nan,nan +/- nan
BBBP,classification,classic-linear,LR_ECFPDesc,AUROC,0.9316019032513878,0.0,5,ours_rerun_same_split,scaffold_balanced,1335,335,305,0.931602 +/- 0.000000,0.966245 +/- 0.000000,0.875410 +/- 0.000000,0.349282 +/- 0.000000,nan +/- nan,nan +/- nan,nan +/- nan
BBBP,classification,descriptor-boosting,XGB_ECFPDesc,AUROC,0.9125892149088026,0.0016329310294983792,5,ours_rerun_same_split,scaffold_balanced,1335,335,305,0.912589 +/- 0.001633,0.951926 +/- 0.001251,0.852459 +/- 0.005486,0.348323 +/- 0.002870,nan +/- nan,nan +/- nan,nan +/- nan
ESOL,regression,classic-ensemble,ExtraTrees_ECFPDesc,MAE,1.0569433853917645,0.011542057386938517,5,ours_rerun_same_split,scaffold_balanced,374,492,251,nan +/- nan,nan +/- nan,nan +/- nan,nan +/- nan,1.056943 +/- 0.011542,1.423911 +/- 0.009064,0.567936 +/- 0.005505
ESOL,regression,classic-ensemble,RF_ECFPDesc,MAE,1.0026824587364824,0.011137620057218741,5,ours_rerun_same_split,scaffold_balanced,374,492,251,nan +/- nan,nan +/- nan,nan +/- nan,nan +/- nan,1.002682 +/- 0.011138,1.348420 +/- 0.015587,0.612499 +/- 0.008962
ESOL,regression,classic-kernel,KRR_RBF_Desc,MAE,0.9225162852780228,0.0,5,ours_rerun_same_split,scaffold_balanced,374,492,251,nan +/- nan,nan +/- nan,nan +/- nan,nan +/- nan,0.922516 +/- 0.000000,1.530690 +/- 0.000000,0.500726 +/- 0.000000
ESOL,regression,classic-kernel,SVR_RBF_Desc,MAE,0.7169190296303157,0.0,5,ours_rerun_same_split,scaffold_balanced,374,492,251,nan +/- nan,nan +/- nan,nan +/- nan,nan +/- nan,0.716919 +/- 0.000000,1.100837 +/- 0.000000,0.741768 +/- 0.000000
ESOL,regression,classic-linear,Ridge_ECFPDesc,MAE,0.7767290843815442,0.0,5,ours_rerun_same_split,scaffold_balanced,374,492,251,nan +/- nan,nan +/- nan,nan +/- nan,nan +/- nan,0.776729 +/- 0.000000,1.029731 +/- 0.000000,0.774050 +/- 0.000000
ESOL,regression,descriptor-boosting,XGB_ECFPDesc,MAE,0.570500161259108,0.005075383101475027,5,ours_rerun_same_split,scaffold_balanced,374,492,251,nan +/- nan,nan +/- nan,nan +/- nan,nan +/- nan,0.570500 +/- 0.005075,0.774987 +/- 0.005612,0.872010 +/- 0.001860
FreeSolv,regression,classic-ensemble,ExtraTrees_ECFPDesc,MAE,4.535813641025644,0.05499501597103391,5,ours_rerun_same_split,scaffold_balanced,162,168,312,nan +/- nan,nan +/- nan,nan +/- nan,nan +/- nan,4.535814 +/- 0.054995,5.151181 +/- 0.056676,-0.568905 +/- 0.034264
FreeSolv,regression,classic-ensemble,RF_ECFPDesc,MAE,4.3311945787545785,0.08136692541605885,5,ours_rerun_same_split,scaffold_balanced,162,168,312,nan +/- nan,nan +/- nan,nan +/- nan,nan +/- nan,4.331195 +/- 0.081367,4.907837 +/- 0.084280,-0.424422 +/- 0.049118
FreeSolv,regression,classic-kernel,KRR_RBF_Desc,MAE,3.433402192371415,4.440892098500626e-16,5,ours_rerun_same_split,scaffold_balanced,162,168,312,nan +/- nan,nan +/- nan,nan +/- nan,nan +/- nan,3.433402 +/- 0.000000,4.206496 +/- 0.000000,-0.046096 +/- 0.000000
FreeSolv,regression,classic-kernel,SVR_RBF_Desc,MAE,6.383847890742368,0.0,5,ours_rerun_same_split,scaffold_balanced,162,168,312,nan +/- nan,nan +/- nan,nan +/- nan,nan +/- nan,6.383848 +/- 0.000000,7.002209 +/- 0.000000,-1.898682 +/- 0.000000
FreeSolv,regression,classic-linear,Ridge_ECFPDesc,MAE,3.836911997978503,4.440892098500626e-16,5,ours_rerun_same_split,scaffold_balanced,162,168,312,nan +/- nan,nan +/- nan,nan +/- nan,nan +/- nan,3.836912 +/- 0.000000,4.315237 +/- 0.000000,-0.100879 +/- 0.000000
FreeSolv,regression,descriptor-boosting,XGB_ECFPDesc,MAE,2.2457243956686592,0.04423834611722088,5,ours_rerun_same_split,scaffold_balanced,162,168,312,nan +/- nan,nan +/- nan,nan +/- nan,nan +/- nan,2.245724 +/- 0.044238,2.996314 +/- 0.046723,0.469103 +/- 0.016617
HIV,classification,classic-ensemble,ExtraTrees_ECFPDesc,AUROC,0.7277286759419799,0.0060013877446988455,5,ours_rerun_same_split,scaffold_balanced,8259,1844,1897,0.727729 +/- 0.006001,0.267938 +/- 0.005103,0.960675 +/- 0.000258,0.154937 +/- 0.003256,nan +/- nan,nan +/- nan,nan +/- nan
HIV,classification,classic-ensemble,RF_ECFPDesc,AUROC,0.7342242144880957,0.01875771231637379,5,ours_rerun_same_split,scaffold_balanced,8259,1844,1897,0.734224 +/- 0.018758,0.252989 +/- 0.006731,0.960464 +/- 0.000000,0.154195 +/- 0.003763,nan +/- nan,nan +/- nan,nan +/- nan
HIV,classification,classic-kernel,SVM_RBF_Desc,AUROC,0.6386997645931126,0.0,5,ours_rerun_same_split,scaffold_balanced,8259,1844,1897,0.638700 +/- 0.000000,0.093509 +/- 0.000000,0.779125 +/- 0.000000,nan +/- nan,nan +/- nan,nan +/- nan,nan +/- nan
HIV,classification,classic-linear,LR_ECFPDesc,AUROC,0.7392128670303492,0.0,5,ours_rerun_same_split,scaffold_balanced,8259,1844,1897,0.739213 +/- 0.000000,0.206499 +/- 0.000000,0.926726 +/- 0.000000,0.240549 +/- 0.000000,nan +/- nan,nan +/- nan,nan +/- nan
HIV,classification,descriptor-boosting,XGB_ECFPDesc,AUROC,0.6943629213007992,0.004526931904689732,5,ours_rerun_same_split,scaffold_balanced,8259,1844,1897,0.694363 +/- 0.004527,0.211645 +/- 0.015618,0.939273 +/- 0.004048,0.266495 +/- 0.001754,nan +/- nan,nan +/- nan,nan +/- nan
Lipophilicity,regression,classic-ensemble,ExtraTrees_ECFPDesc,MAE,0.7786848198347107,0.001576491504297484,5,ours_rerun_same_split,scaffold_balanced,1812,1178,1210,nan +/- nan,nan +/- nan,nan +/- nan,nan +/- nan,0.778685 +/- 0.001576,0.964456 +/- 0.001114,0.258788 +/- 0.001713
Lipophilicity,regression,classic-ensemble,RF_ECFPDesc,MAE,0.7578479729168901,0.0026290180125755538,5,ours_rerun_same_split,scaffold_balanced,1812,1178,1210,nan +/- nan,nan +/- nan,nan +/- nan,nan +/- nan,0.757848 +/- 0.002629,0.935109 +/- 0.003021,0.303204 +/- 0.004497
Lipophilicity,regression,classic-kernel,KRR_RBF_Desc,MAE,0.7918020749954002,0.0,5,ours_rerun_same_split,scaffold_balanced,1812,1178,1210,nan +/- nan,nan +/- nan,nan +/- nan,nan +/- nan,0.791802 +/- 0.000000,0.997325 +/- 0.000000,0.207406 +/- 0.000000
Lipophilicity,regression,classic-kernel,SVR_RBF_Desc,MAE,0.785349899339517,0.0,5,ours_rerun_same_split,scaffold_balanced,1812,1178,1210,nan +/- nan,nan +/- nan,nan +/- nan,nan +/- nan,0.785350 +/- 0.000000,0.999062 +/- 0.000000,0.204643 +/- 0.000000
Lipophilicity,regression,classic-linear,Ridge_ECFPDesc,MAE,0.8176993418685662,0.0,5,ours_rerun_same_split,scaffold_balanced,1812,1178,1210,nan +/- nan,nan +/- nan,nan +/- nan,nan +/- nan,0.817699 +/- 0.000000,1.079500 +/- 0.000000,0.071414 +/- 0.000000
Lipophilicity,regression,descriptor-boosting,XGB_ECFPDesc,MAE,0.6436100468402214,0.0035122074441580804,5,ours_rerun_same_split,scaffold_balanced,1812,1178,1210,nan +/- nan,nan +/- nan,nan +/- nan,nan +/- nan,0.643610 +/- 0.003512,0.825395 +/- 0.003980,0.457111 +/- 0.005241
