task,task_type,router,budget,primary_metric,primary_mean,primary_std,call_rate_mean,n_seeds,source_dir
BACE,classification,flexibility,0.0,AUROC,0.8583621683967705,0.0019020216359908015,0.0,5,results/if_oof_usr_rdkit2d_combo_cls_5seed
BACE,classification,flexibility,5.0,AUROC,0.8577277970011534,0.002378499495651825,5.042016806722689,5,results/if_oof_usr_rdkit2d_combo_cls_5seed
BACE,classification,flexibility,10.0,AUROC,0.8575115340253749,0.002392441581625271,10.084033613445378,5,results/if_oof_usr_rdkit2d_combo_cls_5seed
BACE,classification,flexibility,20.0,AUROC,0.8554282006920415,0.002628185931216397,20.16806722689076,5,results/if_oof_usr_rdkit2d_combo_cls_5seed
BACE,classification,flexibility,40.0,AUROC,0.850857843137255,0.0032295271049596697,39.91596638655462,5,results/if_oof_usr_rdkit2d_combo_cls_5seed
BACE,classification,flexibility,60.0,AUROC,0.8500937139561706,0.0031259788918735322,60.08403361344538,5,results/if_oof_usr_rdkit2d_combo_cls_5seed
BACE,classification,flexibility,80.0,AUROC,0.8526888696655133,0.0026740537760945138,79.83193277310924,5,results/if_oof_usr_rdkit2d_combo_cls_5seed
BACE,classification,flexibility,100.0,AUROC,0.8467128027681661,0.002201024042864843,100.0,5,results/if_oof_usr_rdkit2d_combo_cls_5seed
BACE,classification,oracle,0.0,AUROC,0.8583621683967705,0.0019020216359908015,0.0,5,results/if_oof_usr_rdkit2d_combo_cls_5seed
BACE,classification,oracle,5.0,AUROC,0.8713379469434832,0.0019511134397456878,5.042016806722689,5,results/if_oof_usr_rdkit2d_combo_cls_5seed
BACE,classification,oracle,10.0,AUROC,0.8771626297577855,0.001918669607139069,10.084033613445378,5,results/if_oof_usr_rdkit2d_combo_cls_5seed
BACE,classification,oracle,20.0,AUROC,0.8839893310265282,0.0016727754393679355,20.16806722689076,5,results/if_oof_usr_rdkit2d_combo_cls_5seed
BACE,classification,oracle,40.0,AUROC,0.8867214532871973,0.001739001772748649,39.91596638655462,5,results/if_oof_usr_rdkit2d_combo_cls_5seed
BACE,classification,oracle,60.0,AUROC,0.8867358708189158,0.0017277894458882748,60.08403361344538,5,results/if_oof_usr_rdkit2d_combo_cls_5seed
BACE,classification,oracle,80.0,AUROC,0.8803344867358709,0.0021306751097936645,79.83193277310924,5,results/if_oof_usr_rdkit2d_combo_cls_5seed
BACE,classification,oracle,100.0,AUROC,0.8467128027681661,0.002201024042864843,100.0,5,results/if_oof_usr_rdkit2d_combo_cls_5seed
BACE,classification,random,0.0,AUROC,0.8583621683967705,0.0019020216359908015,0.0,5,results/if_oof_usr_rdkit2d_combo_cls_5seed
BACE,classification,random,5.0,AUROC,0.8585351787773934,0.00184949454565451,5.042016806722689,5,results/if_oof_usr_rdkit2d_combo_cls_5seed
BACE,classification,random,10.0,AUROC,0.8576773356401384,0.002291503278778587,10.084033613445378,5,results/if_oof_usr_rdkit2d_combo_cls_5seed
BACE,classification,random,20.0,AUROC,0.8559256055363322,0.0029844987148429022,20.16806722689076,5,results/if_oof_usr_rdkit2d_combo_cls_5seed
BACE,classification,random,40.0,AUROC,0.856603229527105,0.002845372117512759,39.91596638655462,5,results/if_oof_usr_rdkit2d_combo_cls_5seed
BACE,classification,random,60.0,AUROC,0.8511173587081892,0.003663556939020973,60.08403361344538,5,results/if_oof_usr_rdkit2d_combo_cls_5seed
BACE,classification,random,80.0,AUROC,0.8486159169550174,0.004419626093215975,79.83193277310924,5,results/if_oof_usr_rdkit2d_combo_cls_5seed
BACE,classification,random,100.0,AUROC,0.8467128027681661,0.002201024042864843,100.0,5,results/if_oof_usr_rdkit2d_combo_cls_5seed
BACE,classification,uncertainty,0.0,AUROC,0.8583621683967705,0.0019020216359908015,0.0,5,results/if_oof_usr_rdkit2d_combo_cls_5seed
BACE,classification,uncertainty,5.0,AUROC,0.8561130334486735,0.0029157653425831384,5.042016806722689,5,results/if_oof_usr_rdkit2d_combo_cls_5seed
BACE,classification,uncertainty,10.0,AUROC,0.8540513264129181,0.0024748649655570894,10.084033613445378,5,results/if_oof_usr_rdkit2d_combo_cls_5seed
BACE,classification,uncertainty,20.0,AUROC,0.8502811418685121,0.002098283403868562,20.16806722689076,5,results/if_oof_usr_rdkit2d_combo_cls_5seed
BACE,classification,uncertainty,40.0,AUROC,0.8484356978085351,0.000519831498769348,39.91596638655462,5,results/if_oof_usr_rdkit2d_combo_cls_5seed
BACE,classification,uncertainty,60.0,AUROC,0.8452061707035755,0.0019096563656053737,60.08403361344538,5,results/if_oof_usr_rdkit2d_combo_cls_5seed
BACE,classification,uncertainty,80.0,AUROC,0.844434832756632,0.0021936453366065574,79.83193277310924,5,results/if_oof_usr_rdkit2d_combo_cls_5seed
BACE,classification,uncertainty,100.0,AUROC,0.8467128027681661,0.002201024042864843,100.0,5,results/if_oof_usr_rdkit2d_combo_cls_5seed
BACE,classification,voi_router,0.0,AUROC,0.8583621683967705,0.0019020216359908015,0.0,5,results/if_oof_usr_rdkit2d_combo_cls_5seed
BACE,classification,voi_router,5.0,AUROC,0.8563437139561707,0.0005810104290544533,5.042016806722689,5,results/if_oof_usr_rdkit2d_combo_cls_5seed
BACE,classification,voi_router,10.0,AUROC,0.8553777393310267,0.000621209934337126,10.084033613445378,5,results/if_oof_usr_rdkit2d_combo_cls_5seed
BACE,classification,voi_router,20.0,AUROC,0.8535827566320646,0.0012430471106248708,20.16806722689076,5,results/if_oof_usr_rdkit2d_combo_cls_5seed
BACE,classification,voi_router,40.0,AUROC,0.8509731833910035,0.0010539600278256535,39.91596638655462,5,results/if_oof_usr_rdkit2d_combo_cls_5seed
BACE,classification,voi_router,60.0,AUROC,0.8495386389850058,0.001358924067814137,60.08403361344538,5,results/if_oof_usr_rdkit2d_combo_cls_5seed
BACE,classification,voi_router,80.0,AUROC,0.8505046136101498,0.0019523116099192934,79.83193277310924,5,results/if_oof_usr_rdkit2d_combo_cls_5seed
BACE,classification,voi_router,100.0,AUROC,0.8467128027681661,0.002201024042864843,100.0,5,results/if_oof_usr_rdkit2d_combo_cls_5seed
BBBP,classification,flexibility,0.0,AUROC,0.9246629659000793,0.0037107396726361506,0.0,5,results/if_oof_usr_rdkit2d_combo_cls_5seed
BBBP,classification,flexibility,5.0,AUROC,0.9257038065027757,0.004175499660494262,4.918032786885246,5,results/if_oof_usr_rdkit2d_combo_cls_5seed
BBBP,classification,flexibility,10.0,AUROC,0.9253568596352103,0.0036712052407639455,9.836065573770492,5,results/if_oof_usr_rdkit2d_combo_cls_5seed
BBBP,classification,flexibility,20.0,AUROC,0.9260606661379857,0.0038019567090778355,20.0,5,results/if_oof_usr_rdkit2d_combo_cls_5seed
BBBP,classification,flexibility,40.0,AUROC,0.9247323552735924,0.0035310330279306984,40.0,5,results/if_oof_usr_rdkit2d_combo_cls_5seed
BBBP,classification,flexibility,60.0,AUROC,0.9250297383029341,0.00307992099511576,60.0,5,results/if_oof_usr_rdkit2d_combo_cls_5seed
BBBP,classification,flexibility,80.0,AUROC,0.9275773195876287,0.002412980226352061,80.0,5,results/if_oof_usr_rdkit2d_combo_cls_5seed
BBBP,classification,flexibility,100.0,AUROC,0.9298473433782712,0.0023193758079199317,100.0,5,results/if_oof_usr_rdkit2d_combo_cls_5seed
BBBP,classification,oracle,0.0,AUROC,0.9246629659000793,0.0037107396726361506,0.0,5,results/if_oof_usr_rdkit2d_combo_cls_5seed
BBBP,classification,oracle,5.0,AUROC,0.93550753370341,0.003452348151435166,4.918032786885246,5,results/if_oof_usr_rdkit2d_combo_cls_5seed
BBBP,classification,oracle,10.0,AUROC,0.9400674068199841,0.003656373761450197,9.836065573770492,5,results/if_oof_usr_rdkit2d_combo_cls_5seed
BBBP,classification,oracle,20.0,AUROC,0.9434773988897701,0.0032939039533608364,20.0,5,results/if_oof_usr_rdkit2d_combo_cls_5seed
BBBP,classification,oracle,40.0,AUROC,0.9450436161776368,0.003035379449828638,40.0,5,results/if_oof_usr_rdkit2d_combo_cls_5seed
BBBP,classification,oracle,60.0,AUROC,0.9451229183187945,0.0030087168604143602,60.0,5,results/if_oof_usr_rdkit2d_combo_cls_5seed
BBBP,classification,oracle,80.0,AUROC,0.9450039651070579,0.0030719345460093464,80.0,5,results/if_oof_usr_rdkit2d_combo_cls_5seed
BBBP,classification,oracle,100.0,AUROC,0.9298473433782712,0.0023193758079199317,100.0,5,results/if_oof_usr_rdkit2d_combo_cls_5seed
BBBP,classification,random,0.0,AUROC,0.9246629659000793,0.0037107396726361506,0.0,5,results/if_oof_usr_rdkit2d_combo_cls_5seed
BBBP,classification,random,5.0,AUROC,0.9262490087232356,0.0033643588744900876,4.918032786885246,5,results/if_oof_usr_rdkit2d_combo_cls_5seed
BBBP,classification,random,10.0,AUROC,0.9264770023790643,0.0025178429817605515,9.836065573770492,5,results/if_oof_usr_rdkit2d_combo_cls_5seed
BBBP,classification,random,20.0,AUROC,0.9255650277557497,0.002906554648981332,20.0,5,results/if_oof_usr_rdkit2d_combo_cls_5seed
BBBP,classification,random,40.0,AUROC,0.9273691514670898,0.003878489894101845,40.0,5,results/if_oof_usr_rdkit2d_combo_cls_5seed
BBBP,classification,random,60.0,AUROC,0.9270222045995243,0.002593775622947135,60.0,5,results/if_oof_usr_rdkit2d_combo_cls_5seed
BBBP,classification,random,80.0,AUROC,0.927973830293418,0.0032205665232816613,80.0,5,results/if_oof_usr_rdkit2d_combo_cls_5seed
BBBP,classification,random,100.0,AUROC,0.9298473433782712,0.0023193758079199317,100.0,5,results/if_oof_usr_rdkit2d_combo_cls_5seed
BBBP,classification,uncertainty,0.0,AUROC,0.9246629659000793,0.0037107396726361506,0.0,5,results/if_oof_usr_rdkit2d_combo_cls_5seed
BBBP,classification,uncertainty,5.0,AUROC,0.9245935765265662,0.0037304946467987426,4.918032786885246,5,results/if_oof_usr_rdkit2d_combo_cls_5seed
BBBP,classification,uncertainty,10.0,AUROC,0.924494448850119,0.0041641411982610635,9.836065573770492,5,results/if_oof_usr_rdkit2d_combo_cls_5seed
BBBP,classification,uncertainty,20.0,AUROC,0.9260804916732752,0.004059953064644488,20.0,5,results/if_oof_usr_rdkit2d_combo_cls_5seed
BBBP,classification,uncertainty,40.0,AUROC,0.9280927835051547,0.003279074014914367,40.0,5,results/if_oof_usr_rdkit2d_combo_cls_5seed
BBBP,classification,uncertainty,60.0,AUROC,0.9297482157018241,0.0021229529039629015,60.0,5,results/if_oof_usr_rdkit2d_combo_cls_5seed
BBBP,classification,uncertainty,80.0,AUROC,0.9295499603489293,0.0022761838577672147,80.0,5,results/if_oof_usr_rdkit2d_combo_cls_5seed
BBBP,classification,uncertainty,100.0,AUROC,0.9298473433782712,0.0023193758079199317,100.0,5,results/if_oof_usr_rdkit2d_combo_cls_5seed
BBBP,classification,voi_router,0.0,AUROC,0.9246629659000793,0.0037107396726361506,0.0,5,results/if_oof_usr_rdkit2d_combo_cls_5seed
BBBP,classification,voi_router,5.0,AUROC,0.9243953211736718,0.0029507097526687474,4.918032786885246,5,results/if_oof_usr_rdkit2d_combo_cls_5seed
BBBP,classification,voi_router,10.0,AUROC,0.9248116574147502,0.004490057014244117,9.836065573770492,5,results/if_oof_usr_rdkit2d_combo_cls_5seed
BBBP,classification,voi_router,20.0,AUROC,0.9255551149881047,0.002448273004605147,20.0,5,results/if_oof_usr_rdkit2d_combo_cls_5seed
BBBP,classification,voi_router,40.0,AUROC,0.9277755749405234,0.0033324301088282623,40.0,5,results/if_oof_usr_rdkit2d_combo_cls_5seed
BBBP,classification,voi_router,60.0,AUROC,0.928370340999207,0.0035016632472894857,60.0,5,results/if_oof_usr_rdkit2d_combo_cls_5seed
BBBP,classification,voi_router,80.0,AUROC,0.9283009516256939,0.0031080281175633775,80.0,5,results/if_oof_usr_rdkit2d_combo_cls_5seed
BBBP,classification,voi_router,100.0,AUROC,0.9298473433782712,0.0023193758079199317,100.0,5,results/if_oof_usr_rdkit2d_combo_cls_5seed
ESOL,regression,flexibility,0.0,MAE,0.6019217134369322,0.011546324794926397,0.0,5,results/if_oof_scalar_rdkit2d_combo_reg_5seed
ESOL,regression,flexibility,5.0,MAE,0.6068247973917015,0.011359012885741501,5.179282868525896,5,results/if_oof_scalar_rdkit2d_combo_reg_5seed
ESOL,regression,flexibility,10.0,MAE,0.6082871199338085,0.01126788734131245,9.9601593625498,5,results/if_oof_scalar_rdkit2d_combo_reg_5seed
ESOL,regression,flexibility,20.0,MAE,0.6065696062300784,0.010677442827986806,19.9203187250996,5,results/if_oof_scalar_rdkit2d_combo_reg_5seed
ESOL,regression,flexibility,40.0,MAE,0.6065947691708448,0.011360741547912782,39.8406374501992,5,results/if_oof_scalar_rdkit2d_combo_reg_5seed
ESOL,regression,flexibility,60.0,MAE,0.5884961484377127,0.0012137358911803934,60.159362549800804,5,results/if_oof_scalar_rdkit2d_combo_reg_5seed
ESOL,regression,flexibility,80.0,MAE,0.5949352448816793,0.002335078595078317,80.0796812749004,5,results/if_oof_scalar_rdkit2d_combo_reg_5seed
ESOL,regression,flexibility,100.0,MAE,0.5987428289109492,0.004920617971866427,100.0,5,results/if_oof_scalar_rdkit2d_combo_reg_5seed
ESOL,regression,oracle,0.0,MAE,0.6019217134369322,0.011546324794926397,0.0,5,results/if_oof_scalar_rdkit2d_combo_reg_5seed
ESOL,regression,oracle,5.0,MAE,0.5818544350650681,0.009667970715000737,5.179282868525896,5,results/if_oof_scalar_rdkit2d_combo_reg_5seed
ESOL,regression,oracle,10.0,MAE,0.5690912599624391,0.008903918934816546,9.9601593625498,5,results/if_oof_scalar_rdkit2d_combo_reg_5seed
ESOL,regression,oracle,20.0,MAE,0.549774142271399,0.006699277382070301,19.9203187250996,5,results/if_oof_scalar_rdkit2d_combo_reg_5seed
ESOL,regression,oracle,40.0,MAE,0.5327601176417681,0.00280924709236077,39.8406374501992,5,results/if_oof_scalar_rdkit2d_combo_reg_5seed
ESOL,regression,oracle,60.0,MAE,0.5340872209982093,0.002091325222479836,60.159362549800804,5,results/if_oof_scalar_rdkit2d_combo_reg_5seed
ESOL,regression,oracle,80.0,MAE,0.5517974446748832,0.0034771342218738645,80.0796812749004,5,results/if_oof_scalar_rdkit2d_combo_reg_5seed
ESOL,regression,oracle,100.0,MAE,0.5987428289109492,0.004920617971866427,100.0,5,results/if_oof_scalar_rdkit2d_combo_reg_5seed
ESOL,regression,random,0.0,MAE,0.6019217134369322,0.011546324794926397,0.0,5,results/if_oof_scalar_rdkit2d_combo_reg_5seed
ESOL,regression,random,5.0,MAE,0.6016878012045446,0.009830853321586619,5.179282868525896,5,results/if_oof_scalar_rdkit2d_combo_reg_5seed
ESOL,regression,random,10.0,MAE,0.6028047663259316,0.009197058197513723,9.9601593625498,5,results/if_oof_scalar_rdkit2d_combo_reg_5seed
ESOL,regression,random,20.0,MAE,0.6034204622952588,0.011201681047900139,19.9203187250996,5,results/if_oof_scalar_rdkit2d_combo_reg_5seed
ESOL,regression,random,40.0,MAE,0.6009790161603951,0.00944641693662526,39.8406374501992,5,results/if_oof_scalar_rdkit2d_combo_reg_5seed
ESOL,regression,random,60.0,MAE,0.5967074926049586,0.005014776974133854,60.159362549800804,5,results/if_oof_scalar_rdkit2d_combo_reg_5seed
ESOL,regression,random,80.0,MAE,0.5982898903675763,0.006542843795236806,80.0796812749004,5,results/if_oof_scalar_rdkit2d_combo_reg_5seed
ESOL,regression,random,100.0,MAE,0.5987428289109492,0.004920617971866427,100.0,5,results/if_oof_scalar_rdkit2d_combo_reg_5seed
ESOL,regression,uncertainty,0.0,MAE,0.6019217134369322,0.011546324794926397,0.0,5,results/if_oof_scalar_rdkit2d_combo_reg_5seed
ESOL,regression,uncertainty,5.0,MAE,0.6050480644621221,0.010676476417598186,5.179282868525896,5,results/if_oof_scalar_rdkit2d_combo_reg_5seed
ESOL,regression,uncertainty,10.0,MAE,0.6058945149866233,0.008003899481599465,9.9601593625498,5,results/if_oof_scalar_rdkit2d_combo_reg_5seed
ESOL,regression,uncertainty,20.0,MAE,0.6023980270613711,0.007020551011251564,19.9203187250996,5,results/if_oof_scalar_rdkit2d_combo_reg_5seed
ESOL,regression,uncertainty,40.0,MAE,0.5987212010714164,0.007489417337258264,39.8406374501992,5,results/if_oof_scalar_rdkit2d_combo_reg_5seed
ESOL,regression,uncertainty,60.0,MAE,0.6030629978719462,0.0070796622195239585,60.159362549800804,5,results/if_oof_scalar_rdkit2d_combo_reg_5seed
ESOL,regression,uncertainty,80.0,MAE,0.59700302233525,0.0064042558747185365,80.0796812749004,5,results/if_oof_scalar_rdkit2d_combo_reg_5seed
ESOL,regression,uncertainty,100.0,MAE,0.5987428289109492,0.004920617971866427,100.0,5,results/if_oof_scalar_rdkit2d_combo_reg_5seed
ESOL,regression,voi_router,0.0,MAE,0.6019217134369322,0.011546324794926397,0.0,5,results/if_oof_scalar_rdkit2d_combo_reg_5seed
ESOL,regression,voi_router,5.0,MAE,0.6004115497961463,0.010689171909549936,5.179282868525896,5,results/if_oof_scalar_rdkit2d_combo_reg_5seed
ESOL,regression,voi_router,10.0,MAE,0.599922514790083,0.010971926234083176,9.9601593625498,5,results/if_oof_scalar_rdkit2d_combo_reg_5seed
ESOL,regression,voi_router,20.0,MAE,0.5986473318745891,0.01444508235133427,19.9203187250996,5,results/if_oof_scalar_rdkit2d_combo_reg_5seed
ESOL,regression,voi_router,40.0,MAE,0.5970338690054844,0.014862301631045903,39.8406374501992,5,results/if_oof_scalar_rdkit2d_combo_reg_5seed
ESOL,regression,voi_router,60.0,MAE,0.5991748892666335,0.015038421250321019,60.159362549800804,5,results/if_oof_scalar_rdkit2d_combo_reg_5seed
ESOL,regression,voi_router,80.0,MAE,0.6020447283292671,0.013463526235879552,80.0796812749004,5,results/if_oof_scalar_rdkit2d_combo_reg_5seed
ESOL,regression,voi_router,100.0,MAE,0.5987428289109492,0.004920617971866427,100.0,5,results/if_oof_scalar_rdkit2d_combo_reg_5seed
FreeSolv,regression,flexibility,0.0,MAE,2.464670969394537,0.05104011185548207,0.0,5,results/if_oof_scalar_rdkit2d_combo_reg_5seed
FreeSolv,regression,flexibility,5.0,MAE,2.512367388645808,0.055784555206016634,5.128205128205128,5,results/if_oof_scalar_rdkit2d_combo_reg_5seed
FreeSolv,regression,flexibility,10.0,MAE,2.5650644758970307,0.06011703020616717,9.935897435897436,5,results/if_oof_scalar_rdkit2d_combo_reg_5seed
FreeSolv,regression,flexibility,20.0,MAE,2.6500144397234306,0.06511291592771613,19.871794871794872,5,results/if_oof_scalar_rdkit2d_combo_reg_5seed
FreeSolv,regression,flexibility,40.0,MAE,2.835351740861551,0.07588310668257078,40.06410256410257,5,results/if_oof_scalar_rdkit2d_combo_reg_5seed
FreeSolv,regression,flexibility,60.0,MAE,2.8966285484020524,0.08334202608652648,59.93589743589744,5,results/if_oof_scalar_rdkit2d_combo_reg_5seed
FreeSolv,regression,flexibility,80.0,MAE,2.9249794365320456,0.08689186824982634,80.12820512820514,5,results/if_oof_scalar_rdkit2d_combo_reg_5seed
FreeSolv,regression,flexibility,100.0,MAE,3.0060841249258092,0.09192950822563972,100.0,5,results/if_oof_scalar_rdkit2d_combo_reg_5seed
FreeSolv,regression,oracle,0.0,MAE,2.464670969394537,0.05104011185548207,0.0,5,results/if_oof_scalar_rdkit2d_combo_reg_5seed
FreeSolv,regression,oracle,5.0,MAE,2.411687370660977,0.0562460370917702,5.128205128205128,5,results/if_oof_scalar_rdkit2d_combo_reg_5seed
FreeSolv,regression,oracle,10.0,MAE,2.3880813739972235,0.057440130317064,9.935897435897436,5,results/if_oof_scalar_rdkit2d_combo_reg_5seed
FreeSolv,regression,oracle,20.0,MAE,2.3649567078321407,0.059438724062647955,19.871794871794872,5,results/if_oof_scalar_rdkit2d_combo_reg_5seed
FreeSolv,regression,oracle,40.0,MAE,2.3977498847276735,0.06888745722409495,40.06410256410257,5,results/if_oof_scalar_rdkit2d_combo_reg_5seed
FreeSolv,regression,oracle,60.0,MAE,2.4863401547639796,0.07973200066432107,59.93589743589744,5,results/if_oof_scalar_rdkit2d_combo_reg_5seed
FreeSolv,regression,oracle,80.0,MAE,2.642244493215512,0.08695877957104302,80.12820512820514,5,results/if_oof_scalar_rdkit2d_combo_reg_5seed
FreeSolv,regression,oracle,100.0,MAE,3.0060841249258092,0.09192950822563972,100.0,5,results/if_oof_scalar_rdkit2d_combo_reg_5seed
FreeSolv,regression,random,0.0,MAE,2.464670969394537,0.05104011185548207,0.0,5,results/if_oof_scalar_rdkit2d_combo_reg_5seed
FreeSolv,regression,random,5.0,MAE,2.4980118015546067,0.05166913058124427,5.128205128205128,5,results/if_oof_scalar_rdkit2d_combo_reg_5seed
FreeSolv,regression,random,10.0,MAE,2.5256589260406983,0.05121533749600321,9.935897435897436,5,results/if_oof_scalar_rdkit2d_combo_reg_5seed
FreeSolv,regression,random,20.0,MAE,2.5705352177192,0.05393203894995482,19.871794871794872,5,results/if_oof_scalar_rdkit2d_combo_reg_5seed
FreeSolv,regression,random,40.0,MAE,2.6823945970351883,0.05794216810074301,40.06410256410257,5,results/if_oof_scalar_rdkit2d_combo_reg_5seed
FreeSolv,regression,random,60.0,MAE,2.7916247119475637,0.06885673605801874,59.93589743589744,5,results/if_oof_scalar_rdkit2d_combo_reg_5seed
FreeSolv,regression,random,80.0,MAE,2.911213305387742,0.09423518840934464,80.12820512820514,5,results/if_oof_scalar_rdkit2d_combo_reg_5seed
FreeSolv,regression,random,100.0,MAE,3.0060841249258092,0.09192950822563972,100.0,5,results/if_oof_scalar_rdkit2d_combo_reg_5seed
FreeSolv,regression,uncertainty,0.0,MAE,2.464670969394537,0.05104011185548207,0.0,5,results/if_oof_scalar_rdkit2d_combo_reg_5seed
FreeSolv,regression,uncertainty,5.0,MAE,2.4450131494998932,0.06029538157630412,5.128205128205128,5,results/if_oof_scalar_rdkit2d_combo_reg_5seed
FreeSolv,regression,uncertainty,10.0,MAE,2.4573736056119966,0.06049683805639899,9.935897435897436,5,results/if_oof_scalar_rdkit2d_combo_reg_5seed
FreeSolv,regression,uncertainty,20.0,MAE,2.500407320395494,0.061458298510043544,19.871794871794872,5,results/if_oof_scalar_rdkit2d_combo_reg_5seed
FreeSolv,regression,uncertainty,40.0,MAE,2.6627651968491386,0.07341052445201819,40.06410256410257,5,results/if_oof_scalar_rdkit2d_combo_reg_5seed
FreeSolv,regression,uncertainty,60.0,MAE,2.774188717230772,0.08754932525186754,59.93589743589744,5,results/if_oof_scalar_rdkit2d_combo_reg_5seed
FreeSolv,regression,uncertainty,80.0,MAE,2.8744670083094865,0.09037510026369507,80.12820512820514,5,results/if_oof_scalar_rdkit2d_combo_reg_5seed
FreeSolv,regression,uncertainty,100.0,MAE,3.0060841249258092,0.09192950822563972,100.0,5,results/if_oof_scalar_rdkit2d_combo_reg_5seed
FreeSolv,regression,voi_router,0.0,MAE,2.464670969394537,0.05104011185548207,0.0,5,results/if_oof_scalar_rdkit2d_combo_reg_5seed
FreeSolv,regression,voi_router,5.0,MAE,2.452733642785977,0.06294835366299772,5.128205128205128,5,results/if_oof_scalar_rdkit2d_combo_reg_5seed
FreeSolv,regression,voi_router,10.0,MAE,2.453636250911615,0.06426776129432264,9.935897435897436,5,results/if_oof_scalar_rdkit2d_combo_reg_5seed
FreeSolv,regression,voi_router,20.0,MAE,2.516190734300858,0.08260305391942842,19.871794871794872,5,results/if_oof_scalar_rdkit2d_combo_reg_5seed
FreeSolv,regression,voi_router,40.0,MAE,2.653768738153653,0.09236796564763099,40.06410256410257,5,results/if_oof_scalar_rdkit2d_combo_reg_5seed
FreeSolv,regression,voi_router,60.0,MAE,2.7919085394663687,0.0956240412311595,59.93589743589744,5,results/if_oof_scalar_rdkit2d_combo_reg_5seed
FreeSolv,regression,voi_router,80.0,MAE,2.90378814861102,0.07951921357564033,80.12820512820514,5,results/if_oof_scalar_rdkit2d_combo_reg_5seed
FreeSolv,regression,voi_router,100.0,MAE,3.0060841249258092,0.09192950822563972,100.0,5,results/if_oof_scalar_rdkit2d_combo_reg_5seed
HIV,classification,flexibility,0.0,AUROC,0.7313528143104833,0.0052254395815505075,0.0,5,results/if_oof_usr_rdkit2d_combo_cls_5seed
HIV,classification,flexibility,5.0,AUROC,0.7329851566794942,0.005392204480233853,5.007907221929362,5,results/if_oof_usr_rdkit2d_combo_cls_5seed
HIV,classification,flexibility,10.0,AUROC,0.7315022342509974,0.006345883142369878,10.015814443858725,5,results/if_oof_usr_rdkit2d_combo_cls_5seed
HIV,classification,flexibility,20.0,AUROC,0.7299643365613679,0.004695623170225103,19.97891407485504,5,results/if_oof_usr_rdkit2d_combo_cls_5seed
HIV,classification,flexibility,40.0,AUROC,0.7296246176400107,0.004510811801306464,40.01054296257248,5,results/if_oof_usr_rdkit2d_combo_cls_5seed
HIV,classification,flexibility,60.0,AUROC,0.7257777589828166,0.003969672978138808,59.98945703742752,5,results/if_oof_usr_rdkit2d_combo_cls_5seed
HIV,classification,flexibility,80.0,AUROC,0.7273043796958036,0.004381727193571283,80.02108592514496,5,results/if_oof_usr_rdkit2d_combo_cls_5seed
HIV,classification,flexibility,100.0,AUROC,0.7294329090370871,0.0066225608561279,100.0,5,results/if_oof_usr_rdkit2d_combo_cls_5seed
HIV,classification,oracle,0.0,AUROC,0.7313528143104833,0.0052254395815505075,0.0,5,results/if_oof_usr_rdkit2d_combo_cls_5seed
HIV,classification,oracle,5.0,AUROC,0.7654219703697439,0.0064949392455403475,5.007907221929362,5,results/if_oof_usr_rdkit2d_combo_cls_5seed
HIV,classification,oracle,10.0,AUROC,0.777271253576916,0.006537872797696398,10.015814443858725,5,results/if_oof_usr_rdkit2d_combo_cls_5seed
HIV,classification,oracle,20.0,AUROC,0.7946730381584697,0.006524405609908068,19.97891407485504,5,results/if_oof_usr_rdkit2d_combo_cls_5seed
HIV,classification,oracle,40.0,AUROC,0.8157271535501331,0.006814265352757055,40.01054296257248,5,results/if_oof_usr_rdkit2d_combo_cls_5seed
HIV,classification,oracle,60.0,AUROC,0.8254380400614595,0.006972150123809093,59.98945703742752,5,results/if_oof_usr_rdkit2d_combo_cls_5seed
HIV,classification,oracle,80.0,AUROC,0.8256790854371943,0.007045865925872005,80.02108592514496,5,results/if_oof_usr_rdkit2d_combo_cls_5seed
HIV,classification,oracle,100.0,AUROC,0.7294329090370871,0.0066225608561279,100.0,5,results/if_oof_usr_rdkit2d_combo_cls_5seed
HIV,classification,random,0.0,AUROC,0.7313528143104833,0.0052254395815505075,0.0,5,results/if_oof_usr_rdkit2d_combo_cls_5seed
HIV,classification,random,5.0,AUROC,0.7320942755247318,0.007183256256669439,5.007907221929362,5,results/if_oof_usr_rdkit2d_combo_cls_5seed
HIV,classification,random,10.0,AUROC,0.7329583738599682,0.007726939064027575,10.015814443858725,5,results/if_oof_usr_rdkit2d_combo_cls_5seed
HIV,classification,random,20.0,AUROC,0.7307424479497047,0.012978863956826838,19.97891407485504,5,results/if_oof_usr_rdkit2d_combo_cls_5seed
HIV,classification,random,40.0,AUROC,0.7269406971990808,0.009951230445575273,40.01054296257248,5,results/if_oof_usr_rdkit2d_combo_cls_5seed
HIV,classification,random,60.0,AUROC,0.7332995024034057,0.013159216611753689,59.98945703742752,5,results/if_oof_usr_rdkit2d_combo_cls_5seed
HIV,classification,random,80.0,AUROC,0.7327060515075908,0.01029800315247292,80.02108592514496,5,results/if_oof_usr_rdkit2d_combo_cls_5seed
HIV,classification,random,100.0,AUROC,0.7294329090370871,0.0066225608561279,100.0,5,results/if_oof_usr_rdkit2d_combo_cls_5seed
HIV,classification,uncertainty,0.0,AUROC,0.7313528143104833,0.0052254395815505075,0.0,5,results/if_oof_usr_rdkit2d_combo_cls_5seed
HIV,classification,uncertainty,5.0,AUROC,0.7258158187789854,0.004647995345355106,5.007907221929362,5,results/if_oof_usr_rdkit2d_combo_cls_5seed
HIV,classification,uncertainty,10.0,AUROC,0.7302871400177612,0.0046519271423403705,10.015814443858725,5,results/if_oof_usr_rdkit2d_combo_cls_5seed
HIV,classification,uncertainty,20.0,AUROC,0.7308918678902188,0.010494422528432686,19.97891407485504,5,results/if_oof_usr_rdkit2d_combo_cls_5seed
HIV,classification,uncertainty,40.0,AUROC,0.7096248995644268,0.0078078596744593914,40.01054296257248,5,results/if_oof_usr_rdkit2d_combo_cls_5seed
HIV,classification,uncertainty,60.0,AUROC,0.7099801243286675,0.0071088676834030725,59.98945703742752,5,results/if_oof_usr_rdkit2d_combo_cls_5seed
HIV,classification,uncertainty,80.0,AUROC,0.7207707813535192,0.005804779568929816,80.02108592514496,5,results/if_oof_usr_rdkit2d_combo_cls_5seed
HIV,classification,uncertainty,100.0,AUROC,0.7294329090370871,0.0066225608561279,100.0,5,results/if_oof_usr_rdkit2d_combo_cls_5seed
HIV,classification,voi_router,0.0,AUROC,0.7313528143104833,0.0052254395815505075,0.0,5,results/if_oof_usr_rdkit2d_combo_cls_5seed
HIV,classification,voi_router,5.0,AUROC,0.7256508929955879,0.007399410158361598,5.007907221929362,5,results/if_oof_usr_rdkit2d_combo_cls_5seed
HIV,classification,voi_router,10.0,AUROC,0.7187888527085888,0.00833946456869248,10.015814443858725,5,results/if_oof_usr_rdkit2d_combo_cls_5seed
HIV,classification,voi_router,20.0,AUROC,0.7193541111627972,0.010967667479472022,19.97891407485504,5,results/if_oof_usr_rdkit2d_combo_cls_5seed
HIV,classification,voi_router,40.0,AUROC,0.7251166462271466,0.005602110204032741,40.01054296257248,5,results/if_oof_usr_rdkit2d_combo_cls_5seed
HIV,classification,voi_router,60.0,AUROC,0.7272169831268237,0.009532842770504897,59.98945703742752,5,results/if_oof_usr_rdkit2d_combo_cls_5seed
HIV,classification,voi_router,80.0,AUROC,0.7324706446201773,0.009362926540337303,80.02108592514496,5,results/if_oof_usr_rdkit2d_combo_cls_5seed
HIV,classification,voi_router,100.0,AUROC,0.7294329090370871,0.0066225608561279,100.0,5,results/if_oof_usr_rdkit2d_combo_cls_5seed
Lipophilicity,regression,flexibility,0.0,MAE,0.5660385122697215,0.0014256475035634149,0.0,5,results/if_oof_scalar_rdkit2d_combo_reg_5seed
Lipophilicity,regression,flexibility,5.0,MAE,0.5646784907486813,0.0015738908206256014,4.958677685950414,5,results/if_oof_scalar_rdkit2d_combo_reg_5seed
Lipophilicity,regression,flexibility,10.0,MAE,0.5650515790371855,0.0014103927189766646,10.0,5,results/if_oof_scalar_rdkit2d_combo_reg_5seed
Lipophilicity,regression,flexibility,20.0,MAE,0.5649906629381101,0.001814825151551744,20.0,5,results/if_oof_scalar_rdkit2d_combo_reg_5seed
Lipophilicity,regression,flexibility,40.0,MAE,0.5666297228757999,0.0017345161644198245,40.0,5,results/if_oof_scalar_rdkit2d_combo_reg_5seed
Lipophilicity,regression,flexibility,60.0,MAE,0.570662530885255,0.002382563391760522,60.0,5,results/if_oof_scalar_rdkit2d_combo_reg_5seed
Lipophilicity,regression,flexibility,80.0,MAE,0.5691003858077626,0.0037293484220054843,80.0,5,results/if_oof_scalar_rdkit2d_combo_reg_5seed
Lipophilicity,regression,flexibility,100.0,MAE,0.5731921201118754,0.004053162250512903,100.0,5,results/if_oof_scalar_rdkit2d_combo_reg_5seed
Lipophilicity,regression,oracle,0.0,MAE,0.5660385122697215,0.0014256475035634149,0.0,5,results/if_oof_scalar_rdkit2d_combo_reg_5seed
Lipophilicity,regression,oracle,5.0,MAE,0.546961495011306,0.0017058058054514448,4.958677685950414,5,results/if_oof_scalar_rdkit2d_combo_reg_5seed
Lipophilicity,regression,oracle,10.0,MAE,0.5348045002590526,0.002062846459315659,10.0,5,results/if_oof_scalar_rdkit2d_combo_reg_5seed
Lipophilicity,regression,oracle,20.0,MAE,0.5183889789719227,0.002696452100894131,20.0,5,results/if_oof_scalar_rdkit2d_combo_reg_5seed
Lipophilicity,regression,oracle,40.0,MAE,0.5026778236105421,0.0036366857840284816,40.0,5,results/if_oof_scalar_rdkit2d_combo_reg_5seed
Lipophilicity,regression,oracle,60.0,MAE,0.503583884358209,0.0041530213099513205,60.0,5,results/if_oof_scalar_rdkit2d_combo_reg_5seed
Lipophilicity,regression,oracle,80.0,MAE,0.5221350345643099,0.004336030879594436,80.0,5,results/if_oof_scalar_rdkit2d_combo_reg_5seed
Lipophilicity,regression,oracle,100.0,MAE,0.5731921201118754,0.004053162250512903,100.0,5,results/if_oof_scalar_rdkit2d_combo_reg_5seed
Lipophilicity,regression,random,0.0,MAE,0.5660385122697215,0.0014256475035634149,0.0,5,results/if_oof_scalar_rdkit2d_combo_reg_5seed
Lipophilicity,regression,random,5.0,MAE,0.5659655341215368,0.0007881683547413112,4.958677685950414,5,results/if_oof_scalar_rdkit2d_combo_reg_5seed
Lipophilicity,regression,random,10.0,MAE,0.5667541760141199,0.0017079040963930028,10.0,5,results/if_oof_scalar_rdkit2d_combo_reg_5seed
Lipophilicity,regression,random,20.0,MAE,0.56785518275056,0.001711986543203078,20.0,5,results/if_oof_scalar_rdkit2d_combo_reg_5seed
Lipophilicity,regression,random,40.0,MAE,0.5681681455017122,0.00331191769216388,40.0,5,results/if_oof_scalar_rdkit2d_combo_reg_5seed
Lipophilicity,regression,random,60.0,MAE,0.5694515311430309,0.003244978499913867,60.0,5,results/if_oof_scalar_rdkit2d_combo_reg_5seed
Lipophilicity,regression,random,80.0,MAE,0.5706530946865555,0.00339658298888078,80.0,5,results/if_oof_scalar_rdkit2d_combo_reg_5seed
Lipophilicity,regression,random,100.0,MAE,0.5731921201118754,0.004053162250512903,100.0,5,results/if_oof_scalar_rdkit2d_combo_reg_5seed
Lipophilicity,regression,uncertainty,0.0,MAE,0.5660385122697215,0.0014256475035634149,0.0,5,results/if_oof_scalar_rdkit2d_combo_reg_5seed
Lipophilicity,regression,uncertainty,5.0,MAE,0.566822140240078,0.0019583822868288795,4.958677685950414,5,results/if_oof_scalar_rdkit2d_combo_reg_5seed
Lipophilicity,regression,uncertainty,10.0,MAE,0.5658570889429613,0.002258881787031143,10.0,5,results/if_oof_scalar_rdkit2d_combo_reg_5seed
Lipophilicity,regression,uncertainty,20.0,MAE,0.5654771688149981,0.0019071564716229216,20.0,5,results/if_oof_scalar_rdkit2d_combo_reg_5seed
Lipophilicity,regression,uncertainty,40.0,MAE,0.5680702400172052,0.0033113948080905763,40.0,5,results/if_oof_scalar_rdkit2d_combo_reg_5seed
Lipophilicity,regression,uncertainty,60.0,MAE,0.571575555488886,0.004237235873192006,60.0,5,results/if_oof_scalar_rdkit2d_combo_reg_5seed
Lipophilicity,regression,uncertainty,80.0,MAE,0.574503912252237,0.004683117732674122,80.0,5,results/if_oof_scalar_rdkit2d_combo_reg_5seed
Lipophilicity,regression,uncertainty,100.0,MAE,0.5731921201118754,0.004053162250512903,100.0,5,results/if_oof_scalar_rdkit2d_combo_reg_5seed
Lipophilicity,regression,voi_router,0.0,MAE,0.5660385122697215,0.0014256475035634149,0.0,5,results/if_oof_scalar_rdkit2d_combo_reg_5seed
Lipophilicity,regression,voi_router,5.0,MAE,0.5650761042433337,0.000791498034386433,4.958677685950414,5,results/if_oof_scalar_rdkit2d_combo_reg_5seed
Lipophilicity,regression,voi_router,10.0,MAE,0.5644089065409889,0.0016782630740540703,10.0,5,results/if_oof_scalar_rdkit2d_combo_reg_5seed
Lipophilicity,regression,voi_router,20.0,MAE,0.5647885721577101,0.0022801161930374857,20.0,5,results/if_oof_scalar_rdkit2d_combo_reg_5seed
Lipophilicity,regression,voi_router,40.0,MAE,0.5671984308077284,0.0038227121885562967,40.0,5,results/if_oof_scalar_rdkit2d_combo_reg_5seed
Lipophilicity,regression,voi_router,60.0,MAE,0.5693568309752408,0.002759566386598593,60.0,5,results/if_oof_scalar_rdkit2d_combo_reg_5seed
Lipophilicity,regression,voi_router,80.0,MAE,0.57075088688677,0.003857659802002142,80.0,5,results/if_oof_scalar_rdkit2d_combo_reg_5seed
Lipophilicity,regression,voi_router,100.0,MAE,0.5731921201118754,0.004053162250512903,100.0,5,results/if_oof_scalar_rdkit2d_combo_reg_5seed
