task,feature,budget,spearman_mean,spearman_std,selected_minus_not_selected_mean,selected_mean,not_selected_mean,n_seeds
BACE,bertz_ct,20.0,-0.06508494582322324,0.14337334176374586,-73.05190689354613,1220.5496546427407,1293.6015615362871,5
BACE,flexibility_score,20.0,-0.2392184246993026,0.11562373339063936,-3.2649846460087724,8.073541670833333,11.338526316842103,5
BACE,fraction_csp3,20.0,-0.2696224426601955,0.12469808813579102,-0.06482154353374714,0.2833718535490334,0.3481933970827806,5
BACE,hba,20.0,0.12234302849249948,0.059391027499752815,0.3148684210526316,5.0875,4.772631578947368,5
BACE,hbd,20.0,-0.22259243720634175,0.08231327042902153,-0.661535087719298,1.8458333333333337,2.5073684210526315,5
BACE,heavy_atoms,20.0,-0.16459367112705156,0.10353434998968956,-3.219868421052632,33.8875,37.10736842105264,5
BACE,log_scaffold_train_count,20.0,,,0.0,0.0,0.0,5
BACE,logp,20.0,0.125864856464499,0.07207557690617325,0.06558228958594156,3.567461647093296,3.5018793575073546,5
BACE,mol_wt,20.0,-0.16657861511935929,0.09440339078482109,-47.829132934034895,473.71141535441086,521.5405482884456,5
BACE,nearest_train_tanimoto,20.0,0.1886049092800773,0.03982961197481502,0.0007527078581500233,0.013260509564646705,0.012507801706496683,5
BACE,ood_distance,20.0,-0.1886049092800773,0.03982961197481502,-0.0007527078581500257,0.9867394904353534,0.9874921982935032,5
BACE,oracle_benefit,20.0,-0.001713009971924704,0.03100961030695668,-5.506485359881514e-05,-9.611687812379395e-05,-4.105202452497882e-05,5
BACE,rings,20.0,0.2080860261712149,0.10619876775317795,0.12570175438596493,4.058333333333333,3.932631578947368,5
BACE,rotatable_bonds,20.0,-0.25053927540144505,0.11717016453306256,-3.103991228070176,6.379166666666666,9.483157894736843,5
BACE,tpsa,20.0,-0.10461705659497686,0.087196281635011,-6.992418471553867,90.62475029627481,97.61716876782869,5
BACE,uncertainty_score,20.0,0.26182148504764696,0.10859307446864447,0.11309327872435304,0.20477802296324327,0.09168474423889018,5
BBBP,bertz_ct,20.0,-0.11898203082507408,0.07660935480754069,-52.79385448674691,697.7238788041911,750.5177332909382,5
BBBP,flexibility_score,20.0,-0.09082739142868038,0.1049615452553552,-0.9174180312295087,4.627377059147539,5.544795090377049,5
BBBP,fraction_csp3,20.0,-0.008181112672517518,0.0799841825528829,-0.009927688380245292,0.46338717927698225,0.4733148676572275,5
BBBP,hba,20.0,-0.07439347227938232,0.04680536627149663,-0.7172131147540982,4.5442622950819676,5.261475409836065,5
BBBP,hbd,20.0,-0.029519403639872488,0.05786279248413521,-0.12295081967213117,1.9409836065573771,2.0639344262295083,5
BBBP,heavy_atoms,20.0,-0.12257509621315524,0.09561515286517999,-2.1188524590163937,22.97377049180328,25.092622950819674,5
BBBP,log_scaffold_train_count,20.0,,,0.0,0.0,0.0,5
BBBP,logp,20.0,-0.08164571698298136,0.04824992477497812,-0.17651507889300388,1.4954934400857471,1.672008518978751,5
BBBP,mol_wt,20.0,-0.12091796015119512,0.0848828723676423,-29.031635096815762,331.82987188120353,360.8615069780193,5
BBBP,nearest_train_tanimoto,20.0,0.12075941944818243,0.060583610833405944,0.0007151454901458805,0.023229002567414253,0.022513857077268367,5
BBBP,ood_distance,20.0,-0.12075941944818243,0.060583610833405944,-0.0007151454901459075,0.9767709974325858,0.9774861429227315,5
BBBP,oracle_benefit,20.0,0.033187651806714,0.05064902315977054,-4.062609690463303e-06,1.430038611042133e-05,1.8362995800884634e-05,5
BBBP,rings,20.0,-0.14881430477070887,0.10428349794889982,-0.3483606557377049,2.8295081967213114,3.1778688524590164,5
BBBP,rotatable_bonds,20.0,-0.08533846341929027,0.10390523274131598,-0.8114754098360656,3.4786885245901638,4.2901639344262295,5
BBBP,tpsa,20.0,-0.021561424862011583,0.04246414681631703,-5.475778899231898,82.29121293239906,87.76699183163096,5
BBBP,uncertainty_score,20.0,0.20311218013711252,0.05299554070030654,0.05067784322080295,0.10466688364041873,0.053989040419615796,5
ESOL,bertz_ct,20.0,-0.04386103040786256,0.1076073746296093,75.66083465369306,496.748593257904,421.087758604211,5
ESOL,flexibility_score,20.0,-0.23079092269811513,0.1019759039950684,-0.6720895542841787,2.36000000888,3.032089563164179,5
ESOL,fraction_csp3,20.0,-0.10145248188785479,0.21925728421723034,-0.13855500074761426,0.30169105470180513,0.4402460554494193,5
ESOL,hba,20.0,-0.2975904383125727,0.20396310129730452,-0.6508855721393036,1.172,1.8228855721393036,5
ESOL,hbd,20.0,-0.22389807287405739,0.11144141842298182,-0.272,0.32799999999999996,0.6,5
ESOL,heavy_atoms,20.0,-0.10774734130433956,0.09788138804422217,0.6302487562189054,15.679999999999998,15.049751243781094,5
ESOL,log_scaffold_train_count,20.0,,,0.0,0.0,0.0,5
ESOL,logp,20.0,0.11279847377754577,0.2715394549815602,0.8491735491675524,4.073724969029427,3.224551419861874,5
ESOL,mol_wt,20.0,-0.11869166656545208,0.18042796584634654,15.345296420576563,245.96146530151367,230.61616888093712,5
ESOL,nearest_train_tanimoto,20.0,0.24019299250745788,0.08761401164713246,0.005499730641132937,0.05523908015594907,0.049739349514816136,5
ESOL,ood_distance,20.0,-0.24019299250745788,0.08761401164713246,-0.0054997306411329605,0.944760919844051,0.950260650485184,5
ESOL,oracle_benefit,20.0,0.00874460254221211,0.15902026273999356,0.01655664796100446,0.016437395442962646,-0.00011925251804181516,5
ESOL,rings,20.0,0.04282823842658865,0.11982785620679073,0.4539701492537314,2.248,1.7940298507462686,5
ESOL,rotatable_bonds,20.0,-0.21426048556260074,0.14010057469711673,-0.7036019900497512,1.576,2.279601990049751,5
ESOL,tpsa,20.0,-0.28885117128552185,0.1904117476124602,-10.444311778338989,19.41331994628906,29.85763172462805,5
ESOL,uncertainty_score,20.0,0.07879263896793778,0.2336074799657768,0.14258130904918626,0.962738821226182,0.8201575121769957,5
FreeSolv,bertz_ct,20.0,0.3517534610253833,0.09258735426121101,162.57793596900203,245.65537388709282,83.07743791809082,5
FreeSolv,flexibility_score,20.0,0.2276789965652463,0.09308805653702612,0.18187097274632236,2.2588709732903225,2.077000000544,5
FreeSolv,fraction_csp3,20.0,-0.5253581500920157,0.11414071189966565,-0.35234112429734193,0.4492242744613078,0.8015653987586498,5
FreeSolv,hba,20.0,0.016892017314659592,0.08595485268762088,0.3057032258064516,1.2129032258064514,0.9071999999999999,5
FreeSolv,hbd,20.0,0.018194110581777438,0.10968688998809935,0.14699354838709677,0.37419354838709673,0.22719999999999999,5
FreeSolv,heavy_atoms,20.0,0.3035739481387414,0.09652446264945881,3.3597419354838713,10.467741935483872,7.108,5
FreeSolv,log_scaffold_train_count,20.0,,,0.0,0.0,0.0,5
FreeSolv,logp,20.0,0.13979546550040314,0.10219397618916565,0.747360804565395,2.5670109086384576,1.8196501040730624,5
FreeSolv,mol_wt,20.0,0.07903502635853861,0.07953015472378157,49.01534651858422,171.9417942846975,122.92644776611328,5
FreeSolv,nearest_train_tanimoto,20.0,-0.3090048017203684,0.054653914986768644,-0.013392353498746571,0.057029636545689,0.07042199004443558,5
FreeSolv,ood_distance,20.0,0.3090048017203684,0.054653914986768644,0.013392353498746679,0.9429703634543112,0.9295780099555644,5
FreeSolv,oracle_benefit,20.0,0.04595974048539144,0.09211464454205433,0.35212619906813103,-0.25926075243180796,-0.611386951499939,5
FreeSolv,rings,20.0,0.29187258295576773,0.027093392505599084,0.6273032258064516,0.9129032258064516,0.28559999999999997,5
FreeSolv,rotatable_bonds,20.0,0.1733218711586843,0.0706192888556326,0.013883870967741973,1.735483870967742,1.7216,5
FreeSolv,tpsa,20.0,0.04395273458137847,0.10456538354407836,7.6719582592748825,21.59977408378355,13.927815824508667,5
FreeSolv,uncertainty_score,20.0,0.01057308477520203,0.11308393538714362,0.14119745729034544,1.0157927403435394,0.8745952830531939,5
HIV,bertz_ct,20.0,-0.09599879159032643,0.03637576915722875,-56.42203747088736,611.4088234209448,667.8308608918321,5
HIV,flexibility_score,20.0,-0.11620486900551559,0.021428178398199004,-0.9448124005840141,5.687387866733509,6.632200267317524,5
HIV,fraction_csp3,20.0,-0.19478508865037586,0.016533254833274322,-0.0808735475422511,0.2555177560189154,0.3363913035611665,5
HIV,hba,20.0,-0.17170377343047866,0.030603493413813868,-0.6897629501392263,3.969920844327177,4.659683794466403,5
HIV,hbd,20.0,-0.14214900637740793,0.01635400612731649,-0.5411425254031654,1.2728232189973616,1.813965744400527,5
HIV,heavy_atoms,20.0,-0.15113311991074838,0.03740772621100908,-2.3659710562085223,20.22796833773087,22.593939393939394,5
HIV,log_scaffold_train_count,20.0,,,0.0,0.0,0.0,5
HIV,logp,20.0,0.0502906069125041,0.013953324587352364,0.18572267643899468,2.7578786509539097,2.572155974514915,5
HIV,mol_wt,20.0,-0.15772052904486875,0.032047912224690465,-33.42526989242342,300.49653409691166,333.921803989335,5
HIV,nearest_train_tanimoto,20.0,0.16058949958518962,0.03771162093607958,0.0015841437976718386,0.027961694302696065,0.026377550505024227,5
HIV,ood_distance,20.0,-0.16058949958518962,0.03771162093607958,-0.001584143797671711,0.972038305697304,0.9736224494949756,5
HIV,oracle_benefit,20.0,0.226518438571976,0.021905730252977304,-2.9498331915627634e-05,-3.051329695765104e-05,-1.0149650420234036e-06,5
HIV,rings,20.0,-0.06153189197270996,0.017066423074143564,-0.20062643180688383,1.724538258575198,1.9251646903820816,5
HIV,rotatable_bonds,20.0,-0.10756628358869105,0.018579558341713362,-0.8265138478973512,4.67598944591029,5.502503293807642,5
HIV,tpsa,20.0,-0.17145064904261514,0.034839829658658054,-15.257922080594764,70.47712927481116,85.73505135540591,5
HIV,uncertainty_score,20.0,0.35834197153966824,0.018422285299138717,-0.0009425244365039127,0.011787693047246939,0.012730217483750856,5
Lipophilicity,bertz_ct,20.0,-0.06958673786220974,0.09148929655973488,-25.26182983335384,947.4411359739697,972.7029658073236,5
Lipophilicity,flexibility_score,20.0,-0.05077147648775258,0.07572471782470101,0.07097107425619846,6.767727276082644,6.696756201826446,5
Lipophilicity,fraction_csp3,20.0,-0.04985674854771883,0.051191223081331824,-0.0025838195069208037,0.2857993640251889,0.2883831835321097,5
Lipophilicity,hba,20.0,-0.07416883193220836,0.09266227725654133,-0.21177685950413228,4.649586776859504,4.861363636363636,5
Lipophilicity,hbd,20.0,-0.016401902894283185,0.058616042032036936,0.08884297520661155,1.756198347107438,1.6673553719008265,5
Lipophilicity,heavy_atoms,20.0,-0.07327175072305392,0.08153609554330216,-0.5020661157024783,26.990909090909092,27.492975206611572,5
Lipophilicity,log_scaffold_train_count,20.0,,,0.0,0.0,0.0,5
Lipophilicity,logp,20.0,-0.02951915031109221,0.08075692288469692,-0.07042772310578131,3.3988306451373362,3.469258368243117,5
Lipophilicity,mol_wt,20.0,-0.07464075135426515,0.07799141024799387,-10.284027950822804,380.8818903205809,391.1659182714037,5
Lipophilicity,nearest_train_tanimoto,20.0,0.06087579967434159,0.0784508742015147,0.0002939038989902373,0.017659700235699037,0.017365796336708803,5
Lipophilicity,ood_distance,20.0,-0.06087579967434159,0.0784508742015147,-0.00029390389899015547,0.9823402997643009,0.9826342036632912,5
Lipophilicity,oracle_benefit,20.0,0.024357872513322297,0.020079615977114322,0.016754135502764014,0.006249700560057456,-0.01050443494270656,5
Lipophilicity,rings,20.0,-0.09261186411252013,0.08748904840754998,-0.0867768595041321,3.395041322314049,3.4818181818181815,5
Lipophilicity,rotatable_bonds,20.0,-0.04126129538844954,0.07190671565105065,0.09607438016528924,5.418181818181819,5.322107438016529,5
Lipophilicity,tpsa,20.0,-0.02829637830156807,0.0843648256291523,-0.32380150073816194,78.65033078607448,78.97413228681265,5
Lipophilicity,uncertainty_score,20.0,-0.07422287151995569,0.054406014022617626,-0.03572529981599304,0.7798837335835527,0.8156090333995456,5
